Question,prob.url,Answer,sol.url
721013758261403600,http://lpaste.net/5271793028346937344,725824102867554300,http://lpaste.net/6768261699876159488
724772635016618000,http://lpaste.net/2187209441198211072,725870294234177500,http://lpaste.net/5818908382240702464
725321985027399700,http://lpaste.net/5667147688521498624,725889997723820000,http://lpaste.net/216918736328720384
727596768955932700,http://lpaste.net/8920617631791185920,727647380217155600,http://lpaste.net/5785600391169179648
727596768955932700,http://rosalind.info,727647380217155600,http://lpaste.net/5785600391169179648
728062947042398200,http://lpaste.net/818771459840147456,728332613916725200,http://lpaste.net/5076187573303377920
728483058509217800,http://lpaste.net/6558920694606856192,728671564108017700,http://lpaste.net/934285743432400896
729486497913688000,http://lpaste.net/1445499963915108352,729798950488780800,http://lpaste.net/503582828101894144
729805689867112400,http://lpaste.net/3180555571975684096,730185597072101400,http://lpaste.net/7501776843414962176
730192311951470600,http://lpaste.net/7455193258755358720,730479378749083600,http://lpaste.net/4766815087493120000